Model,CV Accuracy,CV Precision,CV Recall,CV F1,CV ROC-AUC
Gradient Boosting,0.7504459409835447,0.5197883450671734,0.7879598662207358,0.6262061428972048,0.8435817076242532
Logistic Regression,0.7406836238240759,0.5072020827648638,0.8,0.6206921030131067,0.8422611483745859
Random Forest,0.7763603209451206,0.5975168720372614,0.48695652173913045,0.5362033581996231,0.8054849110522703
